source,target
Accomack County,Northampton County
Accomack County,Accomac
Accomack County,Belle Haven
Accomack County,Bloxom
Accomack County,Chincoteague
Accomack County,Hallwood
Accomack County,Keller
Accomack County,Melfa
Accomack County,Onancock
Accomack County,Onley
Accomack County,Painter
Accomack County,Parksley
Accomack County,Saxis
Accomack County,Tangier
Accomack County,Wachapreague
Accomack County,Wallops Island
Northampton County,Capeville
Northampton County,Cape Charles
Northampton County,Cheriton
Northampton County,Eastville
Northampton County,Machipongo
Northampton County,Weirwood
Northampton County,Exmore
Northampton County,Kiptopeke
Northampton County,Oyster
Northampton County,Bayview
Northampton County,Nassawadox
Melfa,Eastern Shore Community College 
Accomack-Northampton Planning District Commission,Accomack County
Accomack-Northampton Planning District Commission,Northampton County
Onancock,ESVA chapter master gardeners
Chincoteague,ESVA chapter master gardeners
Eastville,ESVA chapter master gardeners
Kiptopeke,ESVA chapter master gardeners
Chincoteague,The Nature Conservancy
Exmore,VES Land Trust
NASA,Wallops Island
NASA,Chincoteague
Anonymous Foundation,Virginia Coastal Policy Center
Anonymous Foundation,William & Mary Law School
Anonymous Foundation,Accomack County
Anonymous Foundation,Accomack-Northampton Planning District Commission
Anonymous Foundation,Citizens for a Better Eastern Shore
Anonymous Foundation,VES Land Trust
Virginia Coastal Policy Center,William & Mary Law School
Virginia Coastal Policy Center,Accomack County
William & Mary Law School,Accomack County
Accomack-Northampton Planning District Commission,Virginia Coastal Policy Center
Accomack-Northampton Planning District Commission,William & Mary Law School
Citizens for a Better Eastern Shore,Virginia Coastal Policy Center
Citizens for a Better Eastern Shore,William & Mary Law School
VES Land Trust,Virginia Coastal Policy Center
VES Land Trust,William & Mary Law School
Virginia Environmental Endowment,UVA IEN
Virginia Environmental Endowment,Northampton County
Virginia Environmental Endowment,VCR-LTER
Virginia Environmental Endowment,VA Dept of Conservation & Recreation
UVA IEN,Northampton County
UVA IEN,VCR-LTER
UVA IEN,VA Dept of Conservation & Recreation
Northampton County,VCR-LTER
Northampton County,VA Dept of Conservation & Recreation
VCR-LTER,VA Dept of Conservation & Recreation
VA Coastal Zone Mgmt Program,VA Sea Grant Climate Adaptation Resilience Program
VA Coastal Zone Mgmt Program,Old Dominion University
VA Sea Grant Climate Adaptation Resilience Program,Old Dominion University
VA Coastal Zone Mgmt Program,Saxis Residents
VA Sea Grant Climate Adaptation Resilience Program,Saxis Residents
Old Dominion University,Saxis Residents
VA Coastal Zone Mgmt Program,Saxis
VA Sea Grant Climate Adaptation Resilience Program,Saxis
Old Dominion University,Saxis
Saxis Residents,Saxis
VA Sea Grant,Accomack-Northampton Planning District Commission
Wachapreague,Accomack-Northampton Planning District Commission
VA Sea Grant,Wachapreague
VA Sea Grant,Wachapreague residents
Accomack-Northampton Planning District Commission,Wachapreague residents
Onancock,Accomack-Northampton Planning District Commission
VA Sea Grant,Onancock
VA Sea Grant,Onancock residents
Accomack-Northampton Planning District Commission,Onancock residents
Chincoteague,Accomack-Northampton Planning District Commission
VA Sea Grant,Chincoteague
VA Sea Grant,Chincoteague residents
Accomack-Northampton Planning District Commission,Chincoteague residents
Tangier,Accomack-Northampton Planning District Commission
VA Sea Grant,Tangier
VA Sea Grant,Tangier residents
Accomack-Northampton Planning District Commission,Tangier residents
Onancock residents,ESVA chapter master gardeners
Chincoteague residents,ESVA chapter master gardeners
Eastville residents,ESVA chapter master gardeners
Kiptopeke residents,ESVA chapter master gardeners